Country Name,Country Code,Series Name,Series Code,2020 [YR2020],2021 [YR2021],2022 [YR2022],2023 [YR2023],2024 [YR2024]
Afghanistan,AFG,Poverty gap at $8.30 a day (2021 PPP) (%),SI.POV.UMIC.GP,..,..,..,..,..
Afghanistan,AFG,Poverty headcount ratio at $8.30 a day (2021 PPP) (% of population),SI.POV.UMIC,..,..,..,..,..
Africa Eastern and Southern,AFE,Poverty gap at $8.30 a day (2021 PPP) (%),SI.POV.UMIC.GP,..,..,..,..,..
Africa Eastern and Southern,AFE,Poverty headcount ratio at $8.30 a day (2021 PPP) (% of population),SI.POV.UMIC,..,..,..,..,..
Africa Western and Central,AFW,Poverty gap at $8.30 a day (2021 PPP) (%),SI.POV.UMIC.GP,..,..,..,..,..
Africa Western and Central,AFW,Poverty headcount ratio at $8.30 a day (2021 PPP) (% of population),SI.POV.UMIC,..,..,..,..,..
Albania,ALB,Poverty gap at $8.30 a day (2021 PPP) (%),SI.POV.UMIC.GP,4.9,..,..,..,..
Albania,ALB,Poverty headcount ratio at $8.30 a day (2021 PPP) (% of population),SI.POV.UMIC,19.9,..,..,..,..
Algeria,DZA,Poverty gap at $8.30 a day (2021 PPP) (%),SI.POV.UMIC.GP,..,..,..,..,..
Algeria,DZA,Poverty headcount ratio at $8.30 a day (2021 PPP) (% of population),SI.POV.UMIC,..,..,..,..,..
American Samoa,ASM,Poverty gap at $8.30 a day (2021 PPP) (%),SI.POV.UMIC.GP,..,..,..,..,..
American Samoa,ASM,Poverty headcount ratio at $8.30 a day (2021 PPP) (% of population),SI.POV.UMIC,..,..,..,..,..
Andorra,AND,Poverty gap at $8.30 a day (2021 PPP) (%),SI.POV.UMIC.GP,..,..,..,..,..
Andorra,AND,Poverty headcount ratio at $8.30 a day (2021 PPP) (% of population),SI.POV.UMIC,..,..,..,..,..
Angola,AGO,Poverty gap at $8.30 a day (2021 PPP) (%),SI.POV.UMIC.GP,..,..,..,..,..
Angola,AGO,Poverty headcount ratio at $8.30 a day (2021 PPP) (% of population),SI.POV.UMIC,..,..,..,..,..
Antigua and Barbuda,ATG,Poverty gap at $8.30 a day (2021 PPP) (%),SI.POV.UMIC.GP,..,..,..,..,..
Antigua and Barbuda,ATG,Poverty headcount ratio at $8.30 a day (2021 PPP) (% of population),SI.POV.UMIC,..,..,..,..,..
Arab World,ARB,Poverty gap at $8.30 a day (2021 PPP) (%),SI.POV.UMIC.GP,..,..,..,..,..
Arab World,ARB,Poverty headcount ratio at $8.30 a day (2021 PPP) (% of population),SI.POV.UMIC,..,..,..,..,..
Argentina,ARG,Poverty gap at $8.30 a day (2021 PPP) (%),SI.POV.UMIC.GP,6.2,4.6,4.2,5,..
Argentina,ARG,Poverty headcount ratio at $8.30 a day (2021 PPP) (% of population),SI.POV.UMIC,18.3,14.2,13.9,16.4,..
Armenia,ARM,Poverty gap at $8.30 a day (2021 PPP) (%),SI.POV.UMIC.GP,16.2,16.4,17,16.4,..
Armenia,ARM,Poverty headcount ratio at $8.30 a day (2021 PPP) (% of population),SI.POV.UMIC,58.2,57,55.7,56.9,..
Aruba,ABW,Poverty gap at $8.30 a day (2021 PPP) (%),SI.POV.UMIC.GP,..,..,..,..,..
Aruba,ABW,Poverty headcount ratio at $8.30 a day (2021 PPP) (% of population),SI.POV.UMIC,..,..,..,..,..
Australia,AUS,Poverty gap at $8.30 a day (2021 PPP) (%),SI.POV.UMIC.GP,..,..,..,..,..
Australia,AUS,Poverty headcount ratio at $8.30 a day (2021 PPP) (% of population),SI.POV.UMIC,..,..,..,..,..
Austria,AUT,Poverty gap at $8.30 a day (2021 PPP) (%),SI.POV.UMIC.GP,0.8,0.6,0.6,..,..
Austria,AUT,Poverty headcount ratio at $8.30 a day (2021 PPP) (% of population),SI.POV.UMIC,1.1,1.1,1.1,..,..
Azerbaijan,AZE,Poverty gap at $8.30 a day (2021 PPP) (%),SI.POV.UMIC.GP,..,..,..,..,..
Azerbaijan,AZE,Poverty headcount ratio at $8.30 a day (2021 PPP) (% of population),SI.POV.UMIC,..,..,..,..,..
"Bahamas, The",BHS,Poverty gap at $8.30 a day (2021 PPP) (%),SI.POV.UMIC.GP,..,..,..,..,..
"Bahamas, The",BHS,Poverty headcount ratio at $8.30 a day (2021 PPP) (% of population),SI.POV.UMIC,..,..,..,..,..
Bahrain,BHR,Poverty gap at $8.30 a day (2021 PPP) (%),SI.POV.UMIC.GP,..,..,..,..,..
Bahrain,BHR,Poverty headcount ratio at $8.30 a day (2021 PPP) (% of population),SI.POV.UMIC,..,..,..,..,..
Bangladesh,BGD,Poverty gap at $8.30 a day (2021 PPP) (%),SI.POV.UMIC.GP,..,..,28.1,..,..
Bangladesh,BGD,Poverty headcount ratio at $8.30 a day (2021 PPP) (% of population),SI.POV.UMIC,..,..,72.2,..,..
Barbados,BRB,Poverty gap at $8.30 a day (2021 PPP) (%),SI.POV.UMIC.GP,..,..,..,..,..
Barbados,BRB,Poverty headcount ratio at $8.30 a day (2021 PPP) (% of population),SI.POV.UMIC,..,..,..,..,..
Belarus,BLR,Poverty gap at $8.30 a day (2021 PPP) (%),SI.POV.UMIC.GP,0.4,..,..,..,..
Belarus,BLR,Poverty headcount ratio at $8.30 a day (2021 PPP) (% of population),SI.POV.UMIC,2.6,..,..,..,..
Belgium,BEL,Poverty gap at $8.30 a day (2021 PPP) (%),SI.POV.UMIC.GP,0.1,0.1,0.1,..,..
Belgium,BEL,Poverty headcount ratio at $8.30 a day (2021 PPP) (% of population),SI.POV.UMIC,0.3,0.3,0.2,..,..
Belize,BLZ,Poverty gap at $8.30 a day (2021 PPP) (%),SI.POV.UMIC.GP,..,..,..,..,..
Belize,BLZ,Poverty headcount ratio at $8.30 a day (2021 PPP) (% of population),SI.POV.UMIC,..,..,..,..,..
Benin,BEN,Poverty gap at $8.30 a day (2021 PPP) (%),SI.POV.UMIC.GP,..,44,..,..,..
Benin,BEN,Poverty headcount ratio at $8.30 a day (2021 PPP) (% of population),SI.POV.UMIC,..,86.5,..,..,..
Bermuda,BMU,Poverty gap at $8.30 a day (2021 PPP) (%),SI.POV.UMIC.GP,..,..,..,..,..
Bermuda,BMU,Poverty headcount ratio at $8.30 a day (2021 PPP) (% of population),SI.POV.UMIC,..,..,..,..,..
Bhutan,BTN,Poverty gap at $8.30 a day (2021 PPP) (%),SI.POV.UMIC.GP,..,..,2.1,..,..
Bhutan,BTN,Poverty headcount ratio at $8.30 a day (2021 PPP) (% of population),SI.POV.UMIC,..,..,10.1,..,..
Bolivia,BOL,Poverty gap at $8.30 a day (2021 PPP) (%),SI.POV.UMIC.GP,7.4,6.1,6.6,5.8,..
Bolivia,BOL,Poverty headcount ratio at $8.30 a day (2021 PPP) (% of population),SI.POV.UMIC,19.5,17.1,18.5,16.5,..
Bosnia and Herzegovina,BIH,Poverty gap at $8.30 a day (2021 PPP) (%),SI.POV.UMIC.GP,..,..,..,..,..
Bosnia and Herzegovina,BIH,Poverty headcount ratio at $8.30 a day (2021 PPP) (% of population),SI.POV.UMIC,..,..,..,..,..
Botswana,BWA,Poverty gap at $8.30 a day (2021 PPP) (%),SI.POV.UMIC.GP,..,..,..,..,..
Botswana,BWA,Poverty headcount ratio at $8.30 a day (2021 PPP) (% of population),SI.POV.UMIC,..,..,..,..,..
Brazil,BRA,Poverty gap at $8.30 a day (2021 PPP) (%),SI.POV.UMIC.GP,7.1,12.7,9.9,8.8,..
Brazil,BRA,Poverty headcount ratio at $8.30 a day (2021 PPP) (% of population),SI.POV.UMIC,20.8,30.5,25.3,23.4,..
British Virgin Islands,VGB,Poverty gap at $8.30 a day (2021 PPP) (%),SI.POV.UMIC.GP,..,..,..,..,..
British Virgin Islands,VGB,Poverty headcount ratio at $8.30 a day (2021 PPP) (% of population),SI.POV.UMIC,..,..,..,..,..
Brunei Darussalam,BRN,Poverty gap at $8.30 a day (2021 PPP) (%),SI.POV.UMIC.GP,..,..,..,..,..
Brunei Darussalam,BRN,Poverty headcount ratio at $8.30 a day (2021 PPP) (% of population),SI.POV.UMIC,..,..,..,..,..
Bulgaria,BGR,Poverty gap at $8.30 a day (2021 PPP) (%),SI.POV.UMIC.GP,1.9,2.5,2.1,..,..
Bulgaria,BGR,Poverty headcount ratio at $8.30 a day (2021 PPP) (% of population),SI.POV.UMIC,5.8,6.5,5.5,..,..
Burkina Faso,BFA,Poverty gap at $8.30 a day (2021 PPP) (%),SI.POV.UMIC.GP,..,52.4,..,..,..
Burkina Faso,BFA,Poverty headcount ratio at $8.30 a day (2021 PPP) (% of population),SI.POV.UMIC,..,90.4,..,..,..
Burundi,BDI,Poverty gap at $8.30 a day (2021 PPP) (%),SI.POV.UMIC.GP,69.9,..,..,..,..
Burundi,BDI,Poverty headcount ratio at $8.30 a day (2021 PPP) (% of population),SI.POV.UMIC,97.4,..,..,..,..
Cabo Verde,CPV,Poverty gap at $8.30 a day (2021 PPP) (%),SI.POV.UMIC.GP,..,..,..,..,..
Cabo Verde,CPV,Poverty headcount ratio at $8.30 a day (2021 PPP) (% of population),SI.POV.UMIC,..,..,..,..,..
Cambodia,KHM,Poverty gap at $8.30 a day (2021 PPP) (%),SI.POV.UMIC.GP,..,..,..,..,..
Cambodia,KHM,Poverty headcount ratio at $8.30 a day (2021 PPP) (% of population),SI.POV.UMIC,..,..,..,..,..
Cameroon,CMR,Poverty gap at $8.30 a day (2021 PPP) (%),SI.POV.UMIC.GP,..,37.5,..,..,..
Cameroon,CMR,Poverty headcount ratio at $8.30 a day (2021 PPP) (% of population),SI.POV.UMIC,..,74,..,..,..
Canada,CAN,Poverty gap at $8.30 a day (2021 PPP) (%),SI.POV.UMIC.GP,0.2,..,..,..,..
Canada,CAN,Poverty headcount ratio at $8.30 a day (2021 PPP) (% of population),SI.POV.UMIC,0.5,..,..,..,..
Caribbean small states,CSS,Poverty gap at $8.30 a day (2021 PPP) (%),SI.POV.UMIC.GP,..,..,..,..,..
Caribbean small states,CSS,Poverty headcount ratio at $8.30 a day (2021 PPP) (% of population),SI.POV.UMIC,..,..,..,..,..
Cayman Islands,CYM,Poverty gap at $8.30 a day (2021 PPP) (%),SI.POV.UMIC.GP,..,..,..,..,..
Cayman Islands,CYM,Poverty headcount ratio at $8.30 a day (2021 PPP) (% of population),SI.POV.UMIC,..,..,..,..,..
Central African Republic,CAF,Poverty gap at $8.30 a day (2021 PPP) (%),SI.POV.UMIC.GP,..,69.2,..,..,..
Central African Republic,CAF,Poverty headcount ratio at $8.30 a day (2021 PPP) (% of population),SI.POV.UMIC,..,96.1,..,..,..
Central Europe and the Baltics,CEB,Poverty gap at $8.30 a day (2021 PPP) (%),SI.POV.UMIC.GP,..,..,..,..,..
Central Europe and the Baltics,CEB,Poverty headcount ratio at $8.30 a day (2021 PPP) (% of population),SI.POV.UMIC,..,..,..,..,..
Chad,TCD,Poverty gap at $8.30 a day (2021 PPP) (%),SI.POV.UMIC.GP,..,..,51.2,..,..
Chad,TCD,Poverty headcount ratio at $8.30 a day (2021 PPP) (% of population),SI.POV.UMIC,..,..,89.5,..,..
Channel Islands,CHI,Poverty gap at $8.30 a day (2021 PPP) (%),SI.POV.UMIC.GP,..,..,..,..,..
Channel Islands,CHI,Poverty headcount ratio at $8.30 a day (2021 PPP) (% of population),SI.POV.UMIC,..,..,..,..,..
Chile,CHL,Poverty gap at $8.30 a day (2021 PPP) (%),SI.POV.UMIC.GP,3.8,..,1.6,..,..
Chile,CHL,Poverty headcount ratio at $8.30 a day (2021 PPP) (% of population),SI.POV.UMIC,11.3,..,5.7,..,..
China,CHN,Poverty gap at $8.30 a day (2021 PPP) (%),SI.POV.UMIC.GP,7.6,4.7,..,..,..
China,CHN,Poverty headcount ratio at $8.30 a day (2021 PPP) (% of population),SI.POV.UMIC,29.5,21,..,..,..
Colombia,COL,Poverty gap at $8.30 a day (2021 PPP) (%),SI.POV.UMIC.GP,22.1,19.4,17.1,15.4,..
Colombia,COL,Poverty headcount ratio at $8.30 a day (2021 PPP) (% of population),SI.POV.UMIC,48,44,40.2,37.6,..
Comoros,COM,Poverty gap at $8.30 a day (2021 PPP) (%),SI.POV.UMIC.GP,..,..,..,..,..
Comoros,COM,Poverty headcount ratio at $8.30 a day (2021 PPP) (% of population),SI.POV.UMIC,..,..,..,..,..
"Congo, Dem. Rep.",COD,Poverty gap at $8.30 a day (2021 PPP) (%),SI.POV.UMIC.GP,78,..,..,..,..
"Congo, Dem. Rep.",COD,Poverty headcount ratio at $8.30 a day (2021 PPP) (% of population),SI.POV.UMIC,98,..,..,..,..
"Congo, Rep.",COG,Poverty gap at $8.30 a day (2021 PPP) (%),SI.POV.UMIC.GP,..,..,..,..,..
"Congo, Rep.",COG,Poverty headcount ratio at $8.30 a day (2021 PPP) (% of population),SI.POV.UMIC,..,..,..,..,..
Costa Rica,CRI,Poverty gap at $8.30 a day (2021 PPP) (%),SI.POV.UMIC.GP,8.4,5.7,5.4,4.9,3.9
Costa Rica,CRI,Poverty headcount ratio at $8.30 a day (2021 PPP) (% of population),SI.POV.UMIC,23.3,17.8,17.1,15.3,12.6
Cote d'Ivoire,CIV,Poverty gap at $8.30 a day (2021 PPP) (%),SI.POV.UMIC.GP,..,38.6,..,..,..
Cote d'Ivoire,CIV,Poverty headcount ratio at $8.30 a day (2021 PPP) (% of population),SI.POV.UMIC,..,80.9,..,..,..
Croatia,HRV,Poverty gap at $8.30 a day (2021 PPP) (%),SI.POV.UMIC.GP,0.9,0.7,0.8,..,..
Croatia,HRV,Poverty headcount ratio at $8.30 a day (2021 PPP) (% of population),SI.POV.UMIC,2.7,2,2.4,..,..
Cuba,CUB,Poverty gap at $8.30 a day (2021 PPP) (%),SI.POV.UMIC.GP,..,..,..,..,..
Cuba,CUB,Poverty headcount ratio at $8.30 a day (2021 PPP) (% of population),SI.POV.UMIC,..,..,..,..,..
Curacao,CUW,Poverty gap at $8.30 a day (2021 PPP) (%),SI.POV.UMIC.GP,..,..,..,..,..
Curacao,CUW,Poverty headcount ratio at $8.30 a day (2021 PPP) (% of population),SI.POV.UMIC,..,..,..,..,..
Cyprus,CYP,Poverty gap at $8.30 a day (2021 PPP) (%),SI.POV.UMIC.GP,0.1,0,0,..,..
Cyprus,CYP,Poverty headcount ratio at $8.30 a day (2021 PPP) (% of population),SI.POV.UMIC,0.2,0.1,0,..,..
Czechia,CZE,Poverty gap at $8.30 a day (2021 PPP) (%),SI.POV.UMIC.GP,0.1,0.1,0.1,..,..
Czechia,CZE,Poverty headcount ratio at $8.30 a day (2021 PPP) (% of population),SI.POV.UMIC,0.5,0.3,0.6,..,..
Denmark,DNK,Poverty gap at $8.30 a day (2021 PPP) (%),SI.POV.UMIC.GP,0.2,0.2,0.3,..,..
Denmark,DNK,Poverty headcount ratio at $8.30 a day (2021 PPP) (% of population),SI.POV.UMIC,0.5,0.3,0.8,..,..
Djibouti,DJI,Poverty gap at $8.30 a day (2021 PPP) (%),SI.POV.UMIC.GP,..,..,..,..,..
Djibouti,DJI,Poverty headcount ratio at $8.30 a day (2021 PPP) (% of population),SI.POV.UMIC,..,..,..,..,..
Dominica,DMA,Poverty gap at $8.30 a day (2021 PPP) (%),SI.POV.UMIC.GP,..,..,..,..,..
Dominica,DMA,Poverty headcount ratio at $8.30 a day (2021 PPP) (% of population),SI.POV.UMIC,..,..,..,..,..
Dominican Republic,DOM,Poverty gap at $8.30 a day (2021 PPP) (%),SI.POV.UMIC.GP,6.5,6.2,5.6,5,..
Dominican Republic,DOM,Poverty headcount ratio at $8.30 a day (2021 PPP) (% of population),SI.POV.UMIC,21.7,21.8,20.2,16.9,..
Early-demographic dividend,EAR,Poverty gap at $8.30 a day (2021 PPP) (%),SI.POV.UMIC.GP,..,..,..,..,..
Early-demographic dividend,EAR,Poverty headcount ratio at $8.30 a day (2021 PPP) (% of population),SI.POV.UMIC,..,..,..,..,..
East Asia & Pacific,EAS,Poverty gap at $8.30 a day (2021 PPP) (%),SI.POV.UMIC.GP,12.5,10.5,10.3,9.7,..
East Asia & Pacific,EAS,Poverty headcount ratio at $8.30 a day (2021 PPP) (% of population),SI.POV.UMIC,37.7,32,31.8,30.3,..
East Asia & Pacific (excluding high income),EAP,Poverty gap at $8.30 a day (2021 PPP) (%),SI.POV.UMIC.GP,..,..,..,..,..
East Asia & Pacific (excluding high income),EAP,Poverty headcount ratio at $8.30 a day (2021 PPP) (% of population),SI.POV.UMIC,..,..,..,..,..
East Asia & Pacific (IDA & IBRD countries),TEA,Poverty gap at $8.30 a day (2021 PPP) (%),SI.POV.UMIC.GP,..,..,..,..,..
East Asia & Pacific (IDA & IBRD countries),TEA,Poverty headcount ratio at $8.30 a day (2021 PPP) (% of population),SI.POV.UMIC,..,..,..,..,..
Ecuador,ECU,Poverty gap at $8.30 a day (2021 PPP) (%),SI.POV.UMIC.GP,14.8,12,11.2,11.4,..
Ecuador,ECU,Poverty headcount ratio at $8.30 a day (2021 PPP) (% of population),SI.POV.UMIC,36,33.5,30.9,30.8,..
"Egypt, Arab Rep.",EGY,Poverty gap at $8.30 a day (2021 PPP) (%),SI.POV.UMIC.GP,..,16.4,..,..,..
"Egypt, Arab Rep.",EGY,Poverty headcount ratio at $8.30 a day (2021 PPP) (% of population),SI.POV.UMIC,..,58.5,..,..,..
El Salvador,SLV,Poverty gap at $8.30 a day (2021 PPP) (%),SI.POV.UMIC.GP,..,12.3,11.9,10.6,..
El Salvador,SLV,Poverty headcount ratio at $8.30 a day (2021 PPP) (% of population),SI.POV.UMIC,..,33.5,32.7,29.9,..
Equatorial Guinea,GNQ,Poverty gap at $8.30 a day (2021 PPP) (%),SI.POV.UMIC.GP,..,..,23.3,..,..
Equatorial Guinea,GNQ,Poverty headcount ratio at $8.30 a day (2021 PPP) (% of population),SI.POV.UMIC,..,..,58.1,..,..
Eritrea,ERI,Poverty gap at $8.30 a day (2021 PPP) (%),SI.POV.UMIC.GP,..,..,..,..,..
Eritrea,ERI,Poverty headcount ratio at $8.30 a day (2021 PPP) (% of population),SI.POV.UMIC,..,..,..,..,..
Estonia,EST,Poverty gap at $8.30 a day (2021 PPP) (%),SI.POV.UMIC.GP,0.7,0.5,0.9,..,..
Estonia,EST,Poverty headcount ratio at $8.30 a day (2021 PPP) (% of population),SI.POV.UMIC,1.6,1,2,..,..
Eswatini,SWZ,Poverty gap at $8.30 a day (2021 PPP) (%),SI.POV.UMIC.GP,..,..,..,..,..
Eswatini,SWZ,Poverty headcount ratio at $8.30 a day (2021 PPP) (% of population),SI.POV.UMIC,..,..,..,..,..
Ethiopia,ETH,Poverty gap at $8.30 a day (2021 PPP) (%),SI.POV.UMIC.GP,..,52.5,..,..,..
Ethiopia,ETH,Poverty headcount ratio at $8.30 a day (2021 PPP) (% of population),SI.POV.UMIC,..,93.5,..,..,..
Euro area,EMU,Poverty gap at $8.30 a day (2021 PPP) (%),SI.POV.UMIC.GP,..,..,..,..,..
Euro area,EMU,Poverty headcount ratio at $8.30 a day (2021 PPP) (% of population),SI.POV.UMIC,..,..,..,..,..
Europe & Central Asia,ECS,Poverty gap at $8.30 a day (2021 PPP) (%),SI.POV.UMIC.GP,4.2,3.7,3.6,3.1,..
Europe & Central Asia,ECS,Poverty headcount ratio at $8.30 a day (2021 PPP) (% of population),SI.POV.UMIC,13.9,12,12,10.1,..
Europe & Central Asia (excluding high income),ECA,Poverty gap at $8.30 a day (2021 PPP) (%),SI.POV.UMIC.GP,..,..,..,..,..
Europe & Central Asia (excluding high income),ECA,Poverty headcount ratio at $8.30 a day (2021 PPP) (% of population),SI.POV.UMIC,..,..,..,..,..
Europe & Central Asia (IDA & IBRD countries),TEC,Poverty gap at $8.30 a day (2021 PPP) (%),SI.POV.UMIC.GP,..,..,..,..,..
Europe & Central Asia (IDA & IBRD countries),TEC,Poverty headcount ratio at $8.30 a day (2021 PPP) (% of population),SI.POV.UMIC,..,..,..,..,..
European Union,EUU,Poverty gap at $8.30 a day (2021 PPP) (%),SI.POV.UMIC.GP,..,..,..,..,..
European Union,EUU,Poverty headcount ratio at $8.30 a day (2021 PPP) (% of population),SI.POV.UMIC,..,..,..,..,..
Faroe Islands,FRO,Poverty gap at $8.30 a day (2021 PPP) (%),SI.POV.UMIC.GP,..,..,..,..,..
Faroe Islands,FRO,Poverty headcount ratio at $8.30 a day (2021 PPP) (% of population),SI.POV.UMIC,..,..,..,..,..
Fiji,FJI,Poverty gap at $8.30 a day (2021 PPP) (%),SI.POV.UMIC.GP,..,..,..,..,..
Fiji,FJI,Poverty headcount ratio at $8.30 a day (2021 PPP) (% of population),SI.POV.UMIC,..,..,..,..,..
Finland,FIN,Poverty gap at $8.30 a day (2021 PPP) (%),SI.POV.UMIC.GP,0,0.1,0.1,..,..
Finland,FIN,Poverty headcount ratio at $8.30 a day (2021 PPP) (% of population),SI.POV.UMIC,0.1,0.2,0.3,..,..
Fragile and conflict affected situations,FCS,Poverty gap at $8.30 a day (2021 PPP) (%),SI.POV.UMIC.GP,..,..,..,..,..
Fragile and conflict affected situations,FCS,Poverty headcount ratio at $8.30 a day (2021 PPP) (% of population),SI.POV.UMIC,..,..,..,..,..
France,FRA,Poverty gap at $8.30 a day (2021 PPP) (%),SI.POV.UMIC.GP,0.2,0.2,0.1,..,..
France,FRA,Poverty headcount ratio at $8.30 a day (2021 PPP) (% of population),SI.POV.UMIC,0.4,0.6,0.4,..,..
French Polynesia,PYF,Poverty gap at $8.30 a day (2021 PPP) (%),SI.POV.UMIC.GP,..,..,..,..,..
French Polynesia,PYF,Poverty headcount ratio at $8.30 a day (2021 PPP) (% of population),SI.POV.UMIC,..,..,..,..,..
Gabon,GAB,Poverty gap at $8.30 a day (2021 PPP) (%),SI.POV.UMIC.GP,..,..,..,..,..
Gabon,GAB,Poverty headcount ratio at $8.30 a day (2021 PPP) (% of population),SI.POV.UMIC,..,..,..,..,..
"Gambia, The",GMB,Poverty gap at $8.30 a day (2021 PPP) (%),SI.POV.UMIC.GP,37.7,..,..,..,..
"Gambia, The",GMB,Poverty headcount ratio at $8.30 a day (2021 PPP) (% of population),SI.POV.UMIC,78.2,..,..,..,..
Georgia,GEO,Poverty gap at $8.30 a day (2021 PPP) (%),SI.POV.UMIC.GP,27.1,25.2,21,17.3,..
Georgia,GEO,Poverty headcount ratio at $8.30 a day (2021 PPP) (% of population),SI.POV.UMIC,66.4,64.6,56.6,49.1,..
Germany,DEU,Poverty gap at $8.30 a day (2021 PPP) (%),SI.POV.UMIC.GP,0.3,..,..,..,..
Germany,DEU,Poverty headcount ratio at $8.30 a day (2021 PPP) (% of population),SI.POV.UMIC,0.5,..,..,..,..
Ghana,GHA,Poverty gap at $8.30 a day (2021 PPP) (%),SI.POV.UMIC.GP,..,..,..,..,..
Ghana,GHA,Poverty headcount ratio at $8.30 a day (2021 PPP) (% of population),SI.POV.UMIC,..,..,..,..,..
Gibraltar,GIB,Poverty gap at $8.30 a day (2021 PPP) (%),SI.POV.UMIC.GP,..,..,..,..,..
Gibraltar,GIB,Poverty headcount ratio at $8.30 a day (2021 PPP) (% of population),SI.POV.UMIC,..,..,..,..,..
Greece,GRC,Poverty gap at $8.30 a day (2021 PPP) (%),SI.POV.UMIC.GP,1.9,1.4,1.2,..,..
Greece,GRC,Poverty headcount ratio at $8.30 a day (2021 PPP) (% of population),SI.POV.UMIC,5.1,3.6,3.6,..,..
Greenland,GRL,Poverty gap at $8.30 a day (2021 PPP) (%),SI.POV.UMIC.GP,..,..,..,..,..
Greenland,GRL,Poverty headcount ratio at $8.30 a day (2021 PPP) (% of population),SI.POV.UMIC,..,..,..,..,..
Grenada,GRD,Poverty gap at $8.30 a day (2021 PPP) (%),SI.POV.UMIC.GP,..,..,..,..,..
Grenada,GRD,Poverty headcount ratio at $8.30 a day (2021 PPP) (% of population),SI.POV.UMIC,..,..,..,..,..
Guam,GUM,Poverty gap at $8.30 a day (2021 PPP) (%),SI.POV.UMIC.GP,..,..,..,..,..
Guam,GUM,Poverty headcount ratio at $8.30 a day (2021 PPP) (% of population),SI.POV.UMIC,..,..,..,..,..
Guatemala,GTM,Poverty gap at $8.30 a day (2021 PPP) (%),SI.POV.UMIC.GP,..,..,..,19.5,..
Guatemala,GTM,Poverty headcount ratio at $8.30 a day (2021 PPP) (% of population),SI.POV.UMIC,..,..,..,47.3,..
Guinea,GIN,Poverty gap at $8.30 a day (2021 PPP) (%),SI.POV.UMIC.GP,..,..,..,..,..
Guinea,GIN,Poverty headcount ratio at $8.30 a day (2021 PPP) (% of population),SI.POV.UMIC,..,..,..,..,..
Guinea-Bissau,GNB,Poverty gap at $8.30 a day (2021 PPP) (%),SI.POV.UMIC.GP,..,51.7,..,..,..
Guinea-Bissau,GNB,Poverty headcount ratio at $8.30 a day (2021 PPP) (% of population),SI.POV.UMIC,..,91.4,..,..,..
Guyana,GUY,Poverty gap at $8.30 a day (2021 PPP) (%),SI.POV.UMIC.GP,..,..,..,..,..
Guyana,GUY,Poverty headcount ratio at $8.30 a day (2021 PPP) (% of population),SI.POV.UMIC,..,..,..,..,..
Haiti,HTI,Poverty gap at $8.30 a day (2021 PPP) (%),SI.POV.UMIC.GP,..,..,..,..,..
Haiti,HTI,Poverty headcount ratio at $8.30 a day (2021 PPP) (% of population),SI.POV.UMIC,..,..,..,..,..
Heavily indebted poor countries (HIPC),HPC,Poverty gap at $8.30 a day (2021 PPP) (%),SI.POV.UMIC.GP,..,..,..,..,..
Heavily indebted poor countries (HIPC),HPC,Poverty headcount ratio at $8.30 a day (2021 PPP) (% of population),SI.POV.UMIC,..,..,..,..,..
High income,HIC,Poverty gap at $8.30 a day (2021 PPP) (%),SI.POV.UMIC.GP,0.9,0.7,1,0.9,..
High income,HIC,Poverty headcount ratio at $8.30 a day (2021 PPP) (% of population),SI.POV.UMIC,2.4,1.8,2.1,2,..
Honduras,HND,Poverty gap at $8.30 a day (2021 PPP) (%),SI.POV.UMIC.GP,..,..,..,26.1,..
Honduras,HND,Poverty headcount ratio at $8.30 a day (2021 PPP) (% of population),SI.POV.UMIC,..,..,..,53.3,..
"Hong Kong SAR, China",HKG,Poverty gap at $8.30 a day (2021 PPP) (%),SI.POV.UMIC.GP,..,..,..,..,..
"Hong Kong SAR, China",HKG,Poverty headcount ratio at $8.30 a day (2021 PPP) (% of population),SI.POV.UMIC,..,..,..,..,..
Hungary,HUN,Poverty gap at $8.30 a day (2021 PPP) (%),SI.POV.UMIC.GP,1.2,1.1,2.4,..,..
Hungary,HUN,Poverty headcount ratio at $8.30 a day (2021 PPP) (% of population),SI.POV.UMIC,3.2,2.7,5.1,..,..
IBRD only,IBD,Poverty gap at $8.30 a day (2021 PPP) (%),SI.POV.UMIC.GP,..,..,..,..,..
IBRD only,IBD,Poverty headcount ratio at $8.30 a day (2021 PPP) (% of population),SI.POV.UMIC,..,..,..,..,..
Iceland,ISL,Poverty gap at $8.30 a day (2021 PPP) (%),SI.POV.UMIC.GP,..,..,..,..,..
Iceland,ISL,Poverty headcount ratio at $8.30 a day (2021 PPP) (% of population),SI.POV.UMIC,..,..,..,..,..
IDA & IBRD total,IBT,Poverty gap at $8.30 a day (2021 PPP) (%),SI.POV.UMIC.GP,..,..,..,..,..
IDA & IBRD total,IBT,Poverty headcount ratio at $8.30 a day (2021 PPP) (% of population),SI.POV.UMIC,..,..,..,..,..
IDA blend,IDB,Poverty gap at $8.30 a day (2021 PPP) (%),SI.POV.UMIC.GP,..,..,..,..,..
IDA blend,IDB,Poverty headcount ratio at $8.30 a day (2021 PPP) (% of population),SI.POV.UMIC,..,..,..,..,..
IDA only,IDX,Poverty gap at $8.30 a day (2021 PPP) (%),SI.POV.UMIC.GP,..,..,..,..,..
IDA only,IDX,Poverty headcount ratio at $8.30 a day (2021 PPP) (% of population),SI.POV.UMIC,..,..,..,..,..
IDA total,IDA,Poverty gap at $8.30 a day (2021 PPP) (%),SI.POV.UMIC.GP,..,..,..,..,..
IDA total,IDA,Poverty headcount ratio at $8.30 a day (2021 PPP) (% of population),SI.POV.UMIC,..,..,..,..,..
India,IND,Poverty gap at $8.30 a day (2021 PPP) (%),SI.POV.UMIC.GP,..,..,31.1,..,..
India,IND,Poverty headcount ratio at $8.30 a day (2021 PPP) (% of population),SI.POV.UMIC,..,..,82.1,..,..
Indonesia,IDN,Poverty gap at $8.30 a day (2021 PPP) (%),SI.POV.UMIC.GP,28.6,27.3,27.6,26.7,25.5
Indonesia,IDN,Poverty headcount ratio at $8.30 a day (2021 PPP) (% of population),SI.POV.UMIC,69.4,68.5,70.3,69.6,68.3
"Iran, Islamic Rep.",IRN,Poverty gap at $8.30 a day (2021 PPP) (%),SI.POV.UMIC.GP,16.5,14.1,12.3,11.3,..
"Iran, Islamic Rep.",IRN,Poverty headcount ratio at $8.30 a day (2021 PPP) (% of population),SI.POV.UMIC,48.4,42.8,39,36.1,..
Iraq,IRQ,Poverty gap at $8.30 a day (2021 PPP) (%),SI.POV.UMIC.GP,..,..,..,6.6,..
Iraq,IRQ,Poverty headcount ratio at $8.30 a day (2021 PPP) (% of population),SI.POV.UMIC,..,..,..,28,..
Ireland,IRL,Poverty gap at $8.30 a day (2021 PPP) (%),SI.POV.UMIC.GP,0.2,0.2,0.2,..,..
Ireland,IRL,Poverty headcount ratio at $8.30 a day (2021 PPP) (% of population),SI.POV.UMIC,0.2,0.3,0.3,..,..
Isle of Man,IMN,Poverty gap at $8.30 a day (2021 PPP) (%),SI.POV.UMIC.GP,..,..,..,..,..
Isle of Man,IMN,Poverty headcount ratio at $8.30 a day (2021 PPP) (% of population),SI.POV.UMIC,..,..,..,..,..
Israel,ISR,Poverty gap at $8.30 a day (2021 PPP) (%),SI.POV.UMIC.GP,1.5,1.4,..,..,..
Israel,ISR,Poverty headcount ratio at $8.30 a day (2021 PPP) (% of population),SI.POV.UMIC,4.4,4.2,..,..,..
Italy,ITA,Poverty gap at $8.30 a day (2021 PPP) (%),SI.POV.UMIC.GP,1.2,1,0.8,..,..
Italy,ITA,Poverty headcount ratio at $8.30 a day (2021 PPP) (% of population),SI.POV.UMIC,2.4,1.7,1.6,..,..
Jamaica,JAM,Poverty gap at $8.30 a day (2021 PPP) (%),SI.POV.UMIC.GP,..,7,..,..,..
Jamaica,JAM,Poverty headcount ratio at $8.30 a day (2021 PPP) (% of population),SI.POV.UMIC,..,22.9,..,..,..
Japan,JPN,Poverty gap at $8.30 a day (2021 PPP) (%),SI.POV.UMIC.GP,1.5,..,..,..,..
Japan,JPN,Poverty headcount ratio at $8.30 a day (2021 PPP) (% of population),SI.POV.UMIC,3.2,..,..,..,..
Jordan,JOR,Poverty gap at $8.30 a day (2021 PPP) (%),SI.POV.UMIC.GP,..,..,..,..,..
Jordan,JOR,Poverty headcount ratio at $8.30 a day (2021 PPP) (% of population),SI.POV.UMIC,..,..,..,..,..
Kazakhstan,KAZ,Poverty gap at $8.30 a day (2021 PPP) (%),SI.POV.UMIC.GP,3.1,2.4,..,..,..
Kazakhstan,KAZ,Poverty headcount ratio at $8.30 a day (2021 PPP) (% of population),SI.POV.UMIC,18.6,15.2,..,..,..
Kenya,KEN,Poverty gap at $8.30 a day (2021 PPP) (%),SI.POV.UMIC.GP,53.6,54.3,..,..,..
Kenya,KEN,Poverty headcount ratio at $8.30 a day (2021 PPP) (% of population),SI.POV.UMIC,91,91.3,..,..,..
Kiribati,KIR,Poverty gap at $8.30 a day (2021 PPP) (%),SI.POV.UMIC.GP,..,..,..,..,..
Kiribati,KIR,Poverty headcount ratio at $8.30 a day (2021 PPP) (% of population),SI.POV.UMIC,..,..,..,..,..
"Korea, Dem. People's Rep.",PRK,Poverty gap at $8.30 a day (2021 PPP) (%),SI.POV.UMIC.GP,..,..,..,..,..
"Korea, Dem. People's Rep.",PRK,Poverty headcount ratio at $8.30 a day (2021 PPP) (% of population),SI.POV.UMIC,..,..,..,..,..
"Korea, Rep.",KOR,Poverty gap at $8.30 a day (2021 PPP) (%),SI.POV.UMIC.GP,0.2,0.2,..,..,..
"Korea, Rep.",KOR,Poverty headcount ratio at $8.30 a day (2021 PPP) (% of population),SI.POV.UMIC,0.5,0.5,..,..,..
Kosovo,XKX,Poverty gap at $8.30 a day (2021 PPP) (%),SI.POV.UMIC.GP,20.7,27.2,..,..,..
Kosovo,XKX,Poverty headcount ratio at $8.30 a day (2021 PPP) (% of population),SI.POV.UMIC,38.9,47,..,..,..
Kuwait,KWT,Poverty gap at $8.30 a day (2021 PPP) (%),SI.POV.UMIC.GP,..,..,..,..,..
Kuwait,KWT,Poverty headcount ratio at $8.30 a day (2021 PPP) (% of population),SI.POV.UMIC,..,..,..,..,..
Kyrgyz Republic,KGZ,Poverty gap at $8.30 a day (2021 PPP) (%),SI.POV.UMIC.GP,33.4,29.3,28.2,..,..
Kyrgyz Republic,KGZ,Poverty headcount ratio at $8.30 a day (2021 PPP) (% of population),SI.POV.UMIC,81.3,76.9,76.8,..,..
Lao PDR,LAO,Poverty gap at $8.30 a day (2021 PPP) (%),SI.POV.UMIC.GP,..,..,..,..,..
Lao PDR,LAO,Poverty headcount ratio at $8.30 a day (2021 PPP) (% of population),SI.POV.UMIC,..,..,..,..,..
Late-demographic dividend,LTE,Poverty gap at $8.30 a day (2021 PPP) (%),SI.POV.UMIC.GP,..,..,..,..,..
Late-demographic dividend,LTE,Poverty headcount ratio at $8.30 a day (2021 PPP) (% of population),SI.POV.UMIC,..,..,..,..,..
Latin America & Caribbean,LCN,Poverty gap at $8.30 a day (2021 PPP) (%),SI.POV.UMIC.GP,12.1,12.6,11,10.3,..
Latin America & Caribbean,LCN,Poverty headcount ratio at $8.30 a day (2021 PPP) (% of population),SI.POV.UMIC,31.1,31.7,28.6,27.3,..
Latin America & Caribbean (excluding high income),LAC,Poverty gap at $8.30 a day (2021 PPP) (%),SI.POV.UMIC.GP,..,..,..,..,..
Latin America & Caribbean (excluding high income),LAC,Poverty headcount ratio at $8.30 a day (2021 PPP) (% of population),SI.POV.UMIC,..,..,..,..,..
Latin America & the Caribbean (IDA & IBRD countries),TLA,Poverty gap at $8.30 a day (2021 PPP) (%),SI.POV.UMIC.GP,..,..,..,..,..
Latin America & the Caribbean (IDA & IBRD countries),TLA,Poverty headcount ratio at $8.30 a day (2021 PPP) (% of population),SI.POV.UMIC,..,..,..,..,..
Latvia,LVA,Poverty gap at $8.30 a day (2021 PPP) (%),SI.POV.UMIC.GP,1.1,1,1,..,..
Latvia,LVA,Poverty headcount ratio at $8.30 a day (2021 PPP) (% of population),SI.POV.UMIC,2.9,2.4,2.9,..,..
Least developed countries: UN classification,LDC,Poverty gap at $8.30 a day (2021 PPP) (%),SI.POV.UMIC.GP,..,..,..,..,..
Least developed countries: UN classification,LDC,Poverty headcount ratio at $8.30 a day (2021 PPP) (% of population),SI.POV.UMIC,..,..,..,..,..
Lebanon,LBN,Poverty gap at $8.30 a day (2021 PPP) (%),SI.POV.UMIC.GP,..,..,..,..,..
Lebanon,LBN,Poverty headcount ratio at $8.30 a day (2021 PPP) (% of population),SI.POV.UMIC,..,..,..,..,..
Lesotho,LSO,Poverty gap at $8.30 a day (2021 PPP) (%),SI.POV.UMIC.GP,..,..,..,..,..
Lesotho,LSO,Poverty headcount ratio at $8.30 a day (2021 PPP) (% of population),SI.POV.UMIC,..,..,..,..,..
Liberia,LBR,Poverty gap at $8.30 a day (2021 PPP) (%),SI.POV.UMIC.GP,..,..,..,..,..
Liberia,LBR,Poverty headcount ratio at $8.30 a day (2021 PPP) (% of population),SI.POV.UMIC,..,..,..,..,..
Libya,LBY,Poverty gap at $8.30 a day (2021 PPP) (%),SI.POV.UMIC.GP,..,..,..,..,..
Libya,LBY,Poverty headcount ratio at $8.30 a day (2021 PPP) (% of population),SI.POV.UMIC,..,..,..,..,..
Liechtenstein,LIE,Poverty gap at $8.30 a day (2021 PPP) (%),SI.POV.UMIC.GP,..,..,..,..,..
Liechtenstein,LIE,Poverty headcount ratio at $8.30 a day (2021 PPP) (% of population),SI.POV.UMIC,..,..,..,..,..
Lithuania,LTU,Poverty gap at $8.30 a day (2021 PPP) (%),SI.POV.UMIC.GP,0.7,0.6,1.1,..,..
Lithuania,LTU,Poverty headcount ratio at $8.30 a day (2021 PPP) (% of population),SI.POV.UMIC,1.8,1.4,2.6,..,..
Low & middle income,LMY,Poverty gap at $8.30 a day (2021 PPP) (%),SI.POV.UMIC.GP,26.8,25.7,24.9,24.2,..
Low & middle income,LMY,Poverty headcount ratio at $8.30 a day (2021 PPP) (% of population),SI.POV.UMIC,60.3,57.9,57.1,55.9,..
Low income,LIC,Poverty gap at $8.30 a day (2021 PPP) (%),SI.POV.UMIC.GP,62.6,62.7,62.5,..,..
Low income,LIC,Poverty headcount ratio at $8.30 a day (2021 PPP) (% of population),SI.POV.UMIC,93.1,93.4,93.5,..,..
Lower middle income,LMC,Poverty gap at $8.30 a day (2021 PPP) (%),SI.POV.UMIC.GP,35.8,34.7,33.3,32,..
Lower middle income,LMC,Poverty headcount ratio at $8.30 a day (2021 PPP) (% of population),SI.POV.UMIC,79.9,78.9,77.6,76.1,..
Luxembourg,LUX,Poverty gap at $8.30 a day (2021 PPP) (%),SI.POV.UMIC.GP,0,0.2,0.1,..,..
Luxembourg,LUX,Poverty headcount ratio at $8.30 a day (2021 PPP) (% of population),SI.POV.UMIC,0,0.5,0.2,..,..
"Macao SAR, China",MAC,Poverty gap at $8.30 a day (2021 PPP) (%),SI.POV.UMIC.GP,..,..,..,..,..
"Macao SAR, China",MAC,Poverty headcount ratio at $8.30 a day (2021 PPP) (% of population),SI.POV.UMIC,..,..,..,..,..
Madagascar,MDG,Poverty gap at $8.30 a day (2021 PPP) (%),SI.POV.UMIC.GP,..,..,..,..,..
Madagascar,MDG,Poverty headcount ratio at $8.30 a day (2021 PPP) (% of population),SI.POV.UMIC,..,..,..,..,..
Malawi,MWI,Poverty gap at $8.30 a day (2021 PPP) (%),SI.POV.UMIC.GP,..,..,..,..,..
Malawi,MWI,Poverty headcount ratio at $8.30 a day (2021 PPP) (% of population),SI.POV.UMIC,..,..,..,..,..
Malaysia,MYS,Poverty gap at $8.30 a day (2021 PPP) (%),SI.POV.UMIC.GP,..,0.5,..,..,..
Malaysia,MYS,Poverty headcount ratio at $8.30 a day (2021 PPP) (% of population),SI.POV.UMIC,..,2.9,..,..,..
Maldives,MDV,Poverty gap at $8.30 a day (2021 PPP) (%),SI.POV.UMIC.GP,..,..,..,..,..
Maldives,MDV,Poverty headcount ratio at $8.30 a day (2021 PPP) (% of population),SI.POV.UMIC,..,..,..,..,..
Mali,MLI,Poverty gap at $8.30 a day (2021 PPP) (%),SI.POV.UMIC.GP,..,48.8,..,..,..
Mali,MLI,Poverty headcount ratio at $8.30 a day (2021 PPP) (% of population),SI.POV.UMIC,..,88.6,..,..,..
Malta,MLT,Poverty gap at $8.30 a day (2021 PPP) (%),SI.POV.UMIC.GP,0.5,0.2,0.3,..,..
Malta,MLT,Poverty headcount ratio at $8.30 a day (2021 PPP) (% of population),SI.POV.UMIC,1,0.5,0.7,..,..
Marshall Islands,MHL,Poverty gap at $8.30 a day (2021 PPP) (%),SI.POV.UMIC.GP,..,..,..,..,..
Marshall Islands,MHL,Poverty headcount ratio at $8.30 a day (2021 PPP) (% of population),SI.POV.UMIC,..,..,..,..,..
Mauritania,MRT,Poverty gap at $8.30 a day (2021 PPP) (%),SI.POV.UMIC.GP,..,..,..,..,..
Mauritania,MRT,Poverty headcount ratio at $8.30 a day (2021 PPP) (% of population),SI.POV.UMIC,..,..,..,..,..
Mauritius,MUS,Poverty gap at $8.30 a day (2021 PPP) (%),SI.POV.UMIC.GP,..,..,..,..,..
Mauritius,MUS,Poverty headcount ratio at $8.30 a day (2021 PPP) (% of population),SI.POV.UMIC,..,..,..,..,..
Mexico,MEX,Poverty gap at $8.30 a day (2021 PPP) (%),SI.POV.UMIC.GP,12.6,..,8.5,..,..
Mexico,MEX,Poverty headcount ratio at $8.30 a day (2021 PPP) (% of population),SI.POV.UMIC,36.5,..,27.4,..,..
"Micronesia, Fed. Sts.",FSM,Poverty gap at $8.30 a day (2021 PPP) (%),SI.POV.UMIC.GP,..,..,..,..,..
"Micronesia, Fed. Sts.",FSM,Poverty headcount ratio at $8.30 a day (2021 PPP) (% of population),SI.POV.UMIC,..,..,..,..,..
"Middle East, North Africa, Afghanistan & Pakistan",MEA,Poverty gap at $8.30 a day (2021 PPP) (%),SI.POV.UMIC.GP,19.9,19.3,18.6,18.4,..
"Middle East, North Africa, Afghanistan & Pakistan",MEA,Poverty headcount ratio at $8.30 a day (2021 PPP) (% of population),SI.POV.UMIC,53,51.4,49.8,49,..
"Middle East, North Africa, Afghanistan & Pakistan (excluding high income)",MNA,Poverty gap at $8.30 a day (2021 PPP) (%),SI.POV.UMIC.GP,..,..,..,..,..
"Middle East, North Africa, Afghanistan & Pakistan (excluding high income)",MNA,Poverty headcount ratio at $8.30 a day (2021 PPP) (% of population),SI.POV.UMIC,..,..,..,..,..
"Middle East, North Africa, Afghanistan & Pakistan (IDA & IBRD)",TMN,Poverty gap at $8.30 a day (2021 PPP) (%),SI.POV.UMIC.GP,..,..,..,..,..
"Middle East, North Africa, Afghanistan & Pakistan (IDA & IBRD)",TMN,Poverty headcount ratio at $8.30 a day (2021 PPP) (% of population),SI.POV.UMIC,..,..,..,..,..
Middle income,MIC,Poverty gap at $8.30 a day (2021 PPP) (%),SI.POV.UMIC.GP,..,..,..,..,..
Middle income,MIC,Poverty headcount ratio at $8.30 a day (2021 PPP) (% of population),SI.POV.UMIC,..,..,..,..,..
Moldova,MDA,Poverty gap at $8.30 a day (2021 PPP) (%),SI.POV.UMIC.GP,..,2.7,3.5,..,..
Moldova,MDA,Poverty headcount ratio at $8.30 a day (2021 PPP) (% of population),SI.POV.UMIC,..,15.4,19.7,..,..
Monaco,MCO,Poverty gap at $8.30 a day (2021 PPP) (%),SI.POV.UMIC.GP,..,..,..,..,..
Monaco,MCO,Poverty headcount ratio at $8.30 a day (2021 PPP) (% of population),SI.POV.UMIC,..,..,..,..,..
Mongolia,MNG,Poverty gap at $8.30 a day (2021 PPP) (%),SI.POV.UMIC.GP,..,..,6,..,..
Mongolia,MNG,Poverty headcount ratio at $8.30 a day (2021 PPP) (% of population),SI.POV.UMIC,..,..,24.4,..,..
Montenegro,MNE,Poverty gap at $8.30 a day (2021 PPP) (%),SI.POV.UMIC.GP,6.1,5.1,..,..,..
Montenegro,MNE,Poverty headcount ratio at $8.30 a day (2021 PPP) (% of population),SI.POV.UMIC,17.6,14.5,..,..,..
Morocco,MAR,Poverty gap at $8.30 a day (2021 PPP) (%),SI.POV.UMIC.GP,..,..,..,..,..
Morocco,MAR,Poverty headcount ratio at $8.30 a day (2021 PPP) (% of population),SI.POV.UMIC,..,..,..,..,..
Mozambique,MOZ,Poverty gap at $8.30 a day (2021 PPP) (%),SI.POV.UMIC.GP,..,..,..,..,..
Mozambique,MOZ,Poverty headcount ratio at $8.30 a day (2021 PPP) (% of population),SI.POV.UMIC,..,..,..,..,..
Myanmar,MMR,Poverty gap at $8.30 a day (2021 PPP) (%),SI.POV.UMIC.GP,..,..,..,..,..
Myanmar,MMR,Poverty headcount ratio at $8.30 a day (2021 PPP) (% of population),SI.POV.UMIC,..,..,..,..,..
Namibia,NAM,Poverty gap at $8.30 a day (2021 PPP) (%),SI.POV.UMIC.GP,..,..,..,..,..
Namibia,NAM,Poverty headcount ratio at $8.30 a day (2021 PPP) (% of population),SI.POV.UMIC,..,..,..,..,..
Nauru,NRU,Poverty gap at $8.30 a day (2021 PPP) (%),SI.POV.UMIC.GP,..,..,..,..,..
Nauru,NRU,Poverty headcount ratio at $8.30 a day (2021 PPP) (% of population),SI.POV.UMIC,..,..,..,..,..
Nepal,NPL,Poverty gap at $8.30 a day (2021 PPP) (%),SI.POV.UMIC.GP,..,..,16.1,..,..
Nepal,NPL,Poverty headcount ratio at $8.30 a day (2021 PPP) (% of population),SI.POV.UMIC,..,..,52.6,..,..
Netherlands,NLD,Poverty gap at $8.30 a day (2021 PPP) (%),SI.POV.UMIC.GP,0.1,0.1,..,..,..
Netherlands,NLD,Poverty headcount ratio at $8.30 a day (2021 PPP) (% of population),SI.POV.UMIC,0.3,0.3,..,..,..
New Caledonia,NCL,Poverty gap at $8.30 a day (2021 PPP) (%),SI.POV.UMIC.GP,..,..,..,..,..
New Caledonia,NCL,Poverty headcount ratio at $8.30 a day (2021 PPP) (% of population),SI.POV.UMIC,..,..,..,..,..
New Zealand,NZL,Poverty gap at $8.30 a day (2021 PPP) (%),SI.POV.UMIC.GP,..,..,..,..,..
New Zealand,NZL,Poverty headcount ratio at $8.30 a day (2021 PPP) (% of population),SI.POV.UMIC,..,..,..,..,..
Nicaragua,NIC,Poverty gap at $8.30 a day (2021 PPP) (%),SI.POV.UMIC.GP,..,..,..,..,..
Nicaragua,NIC,Poverty headcount ratio at $8.30 a day (2021 PPP) (% of population),SI.POV.UMIC,..,..,..,..,..
Niger,NER,Poverty gap at $8.30 a day (2021 PPP) (%),SI.POV.UMIC.GP,..,61.9,..,..,..
Niger,NER,Poverty headcount ratio at $8.30 a day (2021 PPP) (% of population),SI.POV.UMIC,..,96.1,..,..,..
Nigeria,NGA,Poverty gap at $8.30 a day (2021 PPP) (%),SI.POV.UMIC.GP,..,..,..,..,..
Nigeria,NGA,Poverty headcount ratio at $8.30 a day (2021 PPP) (% of population),SI.POV.UMIC,..,..,..,..,..
North America,NAC,Poverty gap at $8.30 a day (2021 PPP) (%),SI.POV.UMIC.GP,..,..,..,..,..
North America,NAC,Poverty headcount ratio at $8.30 a day (2021 PPP) (% of population),SI.POV.UMIC,..,..,..,..,..
North Macedonia,MKD,Poverty gap at $8.30 a day (2021 PPP) (%),SI.POV.UMIC.GP,..,..,..,..,..
North Macedonia,MKD,Poverty headcount ratio at $8.30 a day (2021 PPP) (% of population),SI.POV.UMIC,..,..,..,..,..
Northern Mariana Islands,MNP,Poverty gap at $8.30 a day (2021 PPP) (%),SI.POV.UMIC.GP,..,..,..,..,..
Northern Mariana Islands,MNP,Poverty headcount ratio at $8.30 a day (2021 PPP) (% of population),SI.POV.UMIC,..,..,..,..,..
Norway,NOR,Poverty gap at $8.30 a day (2021 PPP) (%),SI.POV.UMIC.GP,0.3,0.2,0.4,..,..
Norway,NOR,Poverty headcount ratio at $8.30 a day (2021 PPP) (% of population),SI.POV.UMIC,0.5,0.4,0.7,..,..
Not classified,INX,Poverty gap at $8.30 a day (2021 PPP) (%),SI.POV.UMIC.GP,..,..,..,..,..
Not classified,INX,Poverty headcount ratio at $8.30 a day (2021 PPP) (% of population),SI.POV.UMIC,..,..,..,..,..
OECD members,OED,Poverty gap at $8.30 a day (2021 PPP) (%),SI.POV.UMIC.GP,..,..,..,..,..
OECD members,OED,Poverty headcount ratio at $8.30 a day (2021 PPP) (% of population),SI.POV.UMIC,..,..,..,..,..
Oman,OMN,Poverty gap at $8.30 a day (2021 PPP) (%),SI.POV.UMIC.GP,..,..,..,..,..
Oman,OMN,Poverty headcount ratio at $8.30 a day (2021 PPP) (% of population),SI.POV.UMIC,..,..,..,..,..
Other small states,OSS,Poverty gap at $8.30 a day (2021 PPP) (%),SI.POV.UMIC.GP,..,..,..,..,..
Other small states,OSS,Poverty headcount ratio at $8.30 a day (2021 PPP) (% of population),SI.POV.UMIC,..,..,..,..,..
Pacific island small states,PSS,Poverty gap at $8.30 a day (2021 PPP) (%),SI.POV.UMIC.GP,..,..,..,..,..
Pacific island small states,PSS,Poverty headcount ratio at $8.30 a day (2021 PPP) (% of population),SI.POV.UMIC,..,..,..,..,..
Pakistan,PAK,Poverty gap at $8.30 a day (2021 PPP) (%),SI.POV.UMIC.GP,..,..,..,..,..
Pakistan,PAK,Poverty headcount ratio at $8.30 a day (2021 PPP) (% of population),SI.POV.UMIC,..,..,..,..,..
Palau,PLW,Poverty gap at $8.30 a day (2021 PPP) (%),SI.POV.UMIC.GP,..,..,..,..,..
Palau,PLW,Poverty headcount ratio at $8.30 a day (2021 PPP) (% of population),SI.POV.UMIC,..,..,..,..,..
Panama,PAN,Poverty gap at $8.30 a day (2021 PPP) (%),SI.POV.UMIC.GP,..,7.6,..,7.7,..
Panama,PAN,Poverty headcount ratio at $8.30 a day (2021 PPP) (% of population),SI.POV.UMIC,..,20.3,..,19.8,..
Papua New Guinea,PNG,Poverty gap at $8.30 a day (2021 PPP) (%),SI.POV.UMIC.GP,..,..,..,..,..
Papua New Guinea,PNG,Poverty headcount ratio at $8.30 a day (2021 PPP) (% of population),SI.POV.UMIC,..,..,..,..,..
Paraguay,PRY,Poverty gap at $8.30 a day (2021 PPP) (%),SI.POV.UMIC.GP,9.3,8.5,9.1,7.7,..
Paraguay,PRY,Poverty headcount ratio at $8.30 a day (2021 PPP) (% of population),SI.POV.UMIC,27.9,27,26.3,23.2,..
Peru,PER,Poverty gap at $8.30 a day (2021 PPP) (%),SI.POV.UMIC.GP,20,13.9,13.5,14.1,..
Peru,PER,Poverty headcount ratio at $8.30 a day (2021 PPP) (% of population),SI.POV.UMIC,48.1,39.5,37.8,38.3,..
Philippines,PHL,Poverty gap at $8.30 a day (2021 PPP) (%),SI.POV.UMIC.GP,..,24.4,..,21.5,..
Philippines,PHL,Poverty headcount ratio at $8.30 a day (2021 PPP) (% of population),SI.POV.UMIC,..,62.3,..,58.7,..
Poland,POL,Poverty gap at $8.30 a day (2021 PPP) (%),SI.POV.UMIC.GP,0.4,0.3,0.6,..,..
Poland,POL,Poverty headcount ratio at $8.30 a day (2021 PPP) (% of population),SI.POV.UMIC,1.2,1.1,1.5,..,..
Portugal,PRT,Poverty gap at $8.30 a day (2021 PPP) (%),SI.POV.UMIC.GP,1.1,0.6,0.8,..,..
Portugal,PRT,Poverty headcount ratio at $8.30 a day (2021 PPP) (% of population),SI.POV.UMIC,2.9,1.9,2.8,..,..
Post-demographic dividend,PST,Poverty gap at $8.30 a day (2021 PPP) (%),SI.POV.UMIC.GP,..,..,..,..,..
Post-demographic dividend,PST,Poverty headcount ratio at $8.30 a day (2021 PPP) (% of population),SI.POV.UMIC,..,..,..,..,..
Pre-demographic dividend,PRE,Poverty gap at $8.30 a day (2021 PPP) (%),SI.POV.UMIC.GP,..,..,..,..,..
Pre-demographic dividend,PRE,Poverty headcount ratio at $8.30 a day (2021 PPP) (% of population),SI.POV.UMIC,..,..,..,..,..
Puerto Rico (US),PRI,Poverty gap at $8.30 a day (2021 PPP) (%),SI.POV.UMIC.GP,..,..,..,..,..
Puerto Rico (US),PRI,Poverty headcount ratio at $8.30 a day (2021 PPP) (% of population),SI.POV.UMIC,..,..,..,..,..
Qatar,QAT,Poverty gap at $8.30 a day (2021 PPP) (%),SI.POV.UMIC.GP,..,..,..,..,..
Qatar,QAT,Poverty headcount ratio at $8.30 a day (2021 PPP) (% of population),SI.POV.UMIC,..,..,..,..,..
Romania,ROU,Poverty gap at $8.30 a day (2021 PPP) (%),SI.POV.UMIC.GP,4.5,3.4,3.2,..,..
Romania,ROU,Poverty headcount ratio at $8.30 a day (2021 PPP) (% of population),SI.POV.UMIC,10.8,7.7,8.6,..,..
Russian Federation,RUS,Poverty gap at $8.30 a day (2021 PPP) (%),SI.POV.UMIC.GP,0.5,0.6,..,..,..
Russian Federation,RUS,Poverty headcount ratio at $8.30 a day (2021 PPP) (% of population),SI.POV.UMIC,2,2.2,..,..,..
Rwanda,RWA,Poverty gap at $8.30 a day (2021 PPP) (%),SI.POV.UMIC.GP,..,..,..,..,..
Rwanda,RWA,Poverty headcount ratio at $8.30 a day (2021 PPP) (% of population),SI.POV.UMIC,..,..,..,..,..
Samoa,WSM,Poverty gap at $8.30 a day (2021 PPP) (%),SI.POV.UMIC.GP,..,..,..,..,..
Samoa,WSM,Poverty headcount ratio at $8.30 a day (2021 PPP) (% of population),SI.POV.UMIC,..,..,..,..,..
San Marino,SMR,Poverty gap at $8.30 a day (2021 PPP) (%),SI.POV.UMIC.GP,..,..,..,..,..
San Marino,SMR,Poverty headcount ratio at $8.30 a day (2021 PPP) (% of population),SI.POV.UMIC,..,..,..,..,..
Sao Tome and Principe,STP,Poverty gap at $8.30 a day (2021 PPP) (%),SI.POV.UMIC.GP,..,..,..,..,..
Sao Tome and Principe,STP,Poverty headcount ratio at $8.30 a day (2021 PPP) (% of population),SI.POV.UMIC,..,..,..,..,..
Saudi Arabia,SAU,Poverty gap at $8.30 a day (2021 PPP) (%),SI.POV.UMIC.GP,..,..,..,..,..
Saudi Arabia,SAU,Poverty headcount ratio at $8.30 a day (2021 PPP) (% of population),SI.POV.UMIC,..,..,..,..,..
Senegal,SEN,Poverty gap at $8.30 a day (2021 PPP) (%),SI.POV.UMIC.GP,..,36,..,..,..
Senegal,SEN,Poverty headcount ratio at $8.30 a day (2021 PPP) (% of population),SI.POV.UMIC,..,78.6,..,..,..
Serbia,SRB,Poverty gap at $8.30 a day (2021 PPP) (%),SI.POV.UMIC.GP,4.4,3.4,3.8,..,..
Serbia,SRB,Poverty headcount ratio at $8.30 a day (2021 PPP) (% of population),SI.POV.UMIC,12.6,9.4,10.3,..,..
Seychelles,SYC,Poverty gap at $8.30 a day (2021 PPP) (%),SI.POV.UMIC.GP,..,..,..,..,..
Seychelles,SYC,Poverty headcount ratio at $8.30 a day (2021 PPP) (% of population),SI.POV.UMIC,..,..,..,..,..
Sierra Leone,SLE,Poverty gap at $8.30 a day (2021 PPP) (%),SI.POV.UMIC.GP,..,..,..,..,..
Sierra Leone,SLE,Poverty headcount ratio at $8.30 a day (2021 PPP) (% of population),SI.POV.UMIC,..,..,..,..,..
Singapore,SGP,Poverty gap at $8.30 a day (2021 PPP) (%),SI.POV.UMIC.GP,..,..,..,..,..
Singapore,SGP,Poverty headcount ratio at $8.30 a day (2021 PPP) (% of population),SI.POV.UMIC,..,..,..,..,..
Sint Maarten (Dutch part),SXM,Poverty gap at $8.30 a day (2021 PPP) (%),SI.POV.UMIC.GP,..,..,..,..,..
Sint Maarten (Dutch part),SXM,Poverty headcount ratio at $8.30 a day (2021 PPP) (% of population),SI.POV.UMIC,..,..,..,..,..
Slovak Republic,SVK,Poverty gap at $8.30 a day (2021 PPP) (%),SI.POV.UMIC.GP,0.7,1,2.3,..,..
Slovak Republic,SVK,Poverty headcount ratio at $8.30 a day (2021 PPP) (% of population),SI.POV.UMIC,2.3,2.8,6.6,..,..
Slovenia,SVN,Poverty gap at $8.30 a day (2021 PPP) (%),SI.POV.UMIC.GP,0,0,0.1,..,..
Slovenia,SVN,Poverty headcount ratio at $8.30 a day (2021 PPP) (% of population),SI.POV.UMIC,0.1,0.1,0.2,..,..
Small states,SST,Poverty gap at $8.30 a day (2021 PPP) (%),SI.POV.UMIC.GP,..,..,..,..,..
Small states,SST,Poverty headcount ratio at $8.30 a day (2021 PPP) (% of population),SI.POV.UMIC,..,..,..,..,..
Solomon Islands,SLB,Poverty gap at $8.30 a day (2021 PPP) (%),SI.POV.UMIC.GP,..,..,..,..,..
Solomon Islands,SLB,Poverty headcount ratio at $8.30 a day (2021 PPP) (% of population),SI.POV.UMIC,..,..,..,..,..
Somalia,SOM,Poverty gap at $8.30 a day (2021 PPP) (%),SI.POV.UMIC.GP,..,..,..,..,..
Somalia,SOM,Poverty headcount ratio at $8.30 a day (2021 PPP) (% of population),SI.POV.UMIC,..,..,..,..,..
South Africa,ZAF,Poverty gap at $8.30 a day (2021 PPP) (%),SI.POV.UMIC.GP,..,..,..,..,..
South Africa,ZAF,Poverty headcount ratio at $8.30 a day (2021 PPP) (% of population),SI.POV.UMIC,..,..,..,..,..
South Asia,SAS,Poverty gap at $8.30 a day (2021 PPP) (%),SI.POV.UMIC.GP,36.2,34.5,32.6,30.8,..
South Asia,SAS,Poverty headcount ratio at $8.30 a day (2021 PPP) (% of population),SI.POV.UMIC,85.2,83.8,82.1,80.1,..
South Asia (IDA & IBRD),TSA,Poverty gap at $8.30 a day (2021 PPP) (%),SI.POV.UMIC.GP,..,..,..,..,..
South Asia (IDA & IBRD),TSA,Poverty headcount ratio at $8.30 a day (2021 PPP) (% of population),SI.POV.UMIC,..,..,..,..,..
South Sudan,SSD,Poverty gap at $8.30 a day (2021 PPP) (%),SI.POV.UMIC.GP,..,..,..,..,..
South Sudan,SSD,Poverty headcount ratio at $8.30 a day (2021 PPP) (% of population),SI.POV.UMIC,..,..,..,..,..
Spain,ESP,Poverty gap at $8.30 a day (2021 PPP) (%),SI.POV.UMIC.GP,1.5,1,1.1,..,..
Spain,ESP,Poverty headcount ratio at $8.30 a day (2021 PPP) (% of population),SI.POV.UMIC,3.4,2.2,2.4,..,..
Sri Lanka,LKA,Poverty gap at $8.30 a day (2021 PPP) (%),SI.POV.UMIC.GP,..,..,..,..,..
Sri Lanka,LKA,Poverty headcount ratio at $8.30 a day (2021 PPP) (% of population),SI.POV.UMIC,..,..,..,..,..
St. Kitts and Nevis,KNA,Poverty gap at $8.30 a day (2021 PPP) (%),SI.POV.UMIC.GP,..,..,..,..,..
St. Kitts and Nevis,KNA,Poverty headcount ratio at $8.30 a day (2021 PPP) (% of population),SI.POV.UMIC,..,..,..,..,..
St. Lucia,LCA,Poverty gap at $8.30 a day (2021 PPP) (%),SI.POV.UMIC.GP,..,..,..,..,..
St. Lucia,LCA,Poverty headcount ratio at $8.30 a day (2021 PPP) (% of population),SI.POV.UMIC,..,..,..,..,..
St. Martin (French part),MAF,Poverty gap at $8.30 a day (2021 PPP) (%),SI.POV.UMIC.GP,..,..,..,..,..
St. Martin (French part),MAF,Poverty headcount ratio at $8.30 a day (2021 PPP) (% of population),SI.POV.UMIC,..,..,..,..,..
St. Vincent and the Grenadines,VCT,Poverty gap at $8.30 a day (2021 PPP) (%),SI.POV.UMIC.GP,..,..,..,..,..
St. Vincent and the Grenadines,VCT,Poverty headcount ratio at $8.30 a day (2021 PPP) (% of population),SI.POV.UMIC,..,..,..,..,..
Sub-Saharan Africa,SSF,Poverty gap at $8.30 a day (2021 PPP) (%),SI.POV.UMIC.GP,..,..,..,..,..
Sub-Saharan Africa,SSF,Poverty headcount ratio at $8.30 a day (2021 PPP) (% of population),SI.POV.UMIC,..,..,..,..,..
Sub-Saharan Africa (excluding high income),SSA,Poverty gap at $8.30 a day (2021 PPP) (%),SI.POV.UMIC.GP,..,..,..,..,..
Sub-Saharan Africa (excluding high income),SSA,Poverty headcount ratio at $8.30 a day (2021 PPP) (% of population),SI.POV.UMIC,..,..,..,..,..
Sub-Saharan Africa (IDA & IBRD countries),TSS,Poverty gap at $8.30 a day (2021 PPP) (%),SI.POV.UMIC.GP,..,..,..,..,..
Sub-Saharan Africa (IDA & IBRD countries),TSS,Poverty headcount ratio at $8.30 a day (2021 PPP) (% of population),SI.POV.UMIC,..,..,..,..,..
Sudan,SDN,Poverty gap at $8.30 a day (2021 PPP) (%),SI.POV.UMIC.GP,..,..,..,..,..
Sudan,SDN,Poverty headcount ratio at $8.30 a day (2021 PPP) (% of population),SI.POV.UMIC,..,..,..,..,..
Suriname,SUR,Poverty gap at $8.30 a day (2021 PPP) (%),SI.POV.UMIC.GP,..,..,6.6,..,..
Suriname,SUR,Poverty headcount ratio at $8.30 a day (2021 PPP) (% of population),SI.POV.UMIC,..,..,20.9,..,..
Sweden,SWE,Poverty gap at $8.30 a day (2021 PPP) (%),SI.POV.UMIC.GP,0.5,0.9,1.3,..,..
Sweden,SWE,Poverty headcount ratio at $8.30 a day (2021 PPP) (% of population),SI.POV.UMIC,1,1.5,1.7,..,..
Switzerland,CHE,Poverty gap at $8.30 a day (2021 PPP) (%),SI.POV.UMIC.GP,0.1,0.1,..,..,..
Switzerland,CHE,Poverty headcount ratio at $8.30 a day (2021 PPP) (% of population),SI.POV.UMIC,0.1,0.2,..,..,..
Syrian Arab Republic,SYR,Poverty gap at $8.30 a day (2021 PPP) (%),SI.POV.UMIC.GP,..,..,39.3,..,..
Syrian Arab Republic,SYR,Poverty headcount ratio at $8.30 a day (2021 PPP) (% of population),SI.POV.UMIC,..,..,87.9,..,..
Tajikistan,TJK,Poverty gap at $8.30 a day (2021 PPP) (%),SI.POV.UMIC.GP,..,..,..,..,..
Tajikistan,TJK,Poverty headcount ratio at $8.30 a day (2021 PPP) (% of population),SI.POV.UMIC,..,..,..,..,..
Tanzania,TZA,Poverty gap at $8.30 a day (2021 PPP) (%),SI.POV.UMIC.GP,..,..,..,..,..
Tanzania,TZA,Poverty headcount ratio at $8.30 a day (2021 PPP) (% of population),SI.POV.UMIC,..,..,..,..,..
Thailand,THA,Poverty gap at $8.30 a day (2021 PPP) (%),SI.POV.UMIC.GP,3.1,2.8,2.4,1.7,..
Thailand,THA,Poverty headcount ratio at $8.30 a day (2021 PPP) (% of population),SI.POV.UMIC,15.1,14.1,12.9,10.1,..
Timor-Leste,TLS,Poverty gap at $8.30 a day (2021 PPP) (%),SI.POV.UMIC.GP,..,..,..,..,..
Timor-Leste,TLS,Poverty headcount ratio at $8.30 a day (2021 PPP) (% of population),SI.POV.UMIC,..,..,..,..,..
Togo,TGO,Poverty gap at $8.30 a day (2021 PPP) (%),SI.POV.UMIC.GP,..,47.5,..,..,..
Togo,TGO,Poverty headcount ratio at $8.30 a day (2021 PPP) (% of population),SI.POV.UMIC,..,87,..,..,..
Tonga,TON,Poverty gap at $8.30 a day (2021 PPP) (%),SI.POV.UMIC.GP,..,6.2,..,..,..
Tonga,TON,Poverty headcount ratio at $8.30 a day (2021 PPP) (% of population),SI.POV.UMIC,..,26.7,..,..,..
Trinidad and Tobago,TTO,Poverty gap at $8.30 a day (2021 PPP) (%),SI.POV.UMIC.GP,..,..,..,..,..
Trinidad and Tobago,TTO,Poverty headcount ratio at $8.30 a day (2021 PPP) (% of population),SI.POV.UMIC,..,..,..,..,..
Tunisia,TUN,Poverty gap at $8.30 a day (2021 PPP) (%),SI.POV.UMIC.GP,..,5.3,..,..,..
Tunisia,TUN,Poverty headcount ratio at $8.30 a day (2021 PPP) (% of population),SI.POV.UMIC,..,20.7,..,..,..
Turkiye,TUR,Poverty gap at $8.30 a day (2021 PPP) (%),SI.POV.UMIC.GP,4.6,3.6,2.7,..,..
Turkiye,TUR,Poverty headcount ratio at $8.30 a day (2021 PPP) (% of population),SI.POV.UMIC,15,12.9,10.8,..,..
Turkmenistan,TKM,Poverty gap at $8.30 a day (2021 PPP) (%),SI.POV.UMIC.GP,..,..,..,..,..
Turkmenistan,TKM,Poverty headcount ratio at $8.30 a day (2021 PPP) (% of population),SI.POV.UMIC,..,..,..,..,..
Turks and Caicos Islands,TCA,Poverty gap at $8.30 a day (2021 PPP) (%),SI.POV.UMIC.GP,..,..,..,..,..
Turks and Caicos Islands,TCA,Poverty headcount ratio at $8.30 a day (2021 PPP) (% of population),SI.POV.UMIC,..,..,..,..,..
Tuvalu,TUV,Poverty gap at $8.30 a day (2021 PPP) (%),SI.POV.UMIC.GP,..,..,..,..,..
Tuvalu,TUV,Poverty headcount ratio at $8.30 a day (2021 PPP) (% of population),SI.POV.UMIC,..,..,..,..,..
Uganda,UGA,Poverty gap at $8.30 a day (2021 PPP) (%),SI.POV.UMIC.GP,..,..,..,..,..
Uganda,UGA,Poverty headcount ratio at $8.30 a day (2021 PPP) (% of population),SI.POV.UMIC,..,..,..,..,..
Ukraine,UKR,Poverty gap at $8.30 a day (2021 PPP) (%),SI.POV.UMIC.GP,2,..,..,..,..
Ukraine,UKR,Poverty headcount ratio at $8.30 a day (2021 PPP) (% of population),SI.POV.UMIC,11.3,..,..,..,..
United Arab Emirates,ARE,Poverty gap at $8.30 a day (2021 PPP) (%),SI.POV.UMIC.GP,..,..,..,..,..
United Arab Emirates,ARE,Poverty headcount ratio at $8.30 a day (2021 PPP) (% of population),SI.POV.UMIC,..,..,..,..,..
United Kingdom,GBR,Poverty gap at $8.30 a day (2021 PPP) (%),SI.POV.UMIC.GP,0.6,0.5,..,..,..
United Kingdom,GBR,Poverty headcount ratio at $8.30 a day (2021 PPP) (% of population),SI.POV.UMIC,1,1,..,..,..
United States,USA,Poverty gap at $8.30 a day (2021 PPP) (%),SI.POV.UMIC.GP,0.7,0.6,1.5,1.4,..
United States,USA,Poverty headcount ratio at $8.30 a day (2021 PPP) (% of population),SI.POV.UMIC,1.5,1,2.2,2,..
Upper middle income,UMC,Poverty gap at $8.30 a day (2021 PPP) (%),SI.POV.UMIC.GP,11,9.4,9,8.4,..
Upper middle income,UMC,Poverty headcount ratio at $8.30 a day (2021 PPP) (% of population),SI.POV.UMIC,33.6,29.1,28.2,26.6,..
Uruguay,URY,Poverty gap at $8.30 a day (2021 PPP) (%),SI.POV.UMIC.GP,1.7,1.6,1.5,1.6,..
Uruguay,URY,Poverty headcount ratio at $8.30 a day (2021 PPP) (% of population),SI.POV.UMIC,7.1,6.7,6.3,6.6,..
Uzbekistan,UZB,Poverty gap at $8.30 a day (2021 PPP) (%),SI.POV.UMIC.GP,..,12.8,11,8.7,..
Uzbekistan,UZB,Poverty headcount ratio at $8.30 a day (2021 PPP) (% of population),SI.POV.UMIC,..,38.1,32.4,24.6,..
Vanuatu,VUT,Poverty gap at $8.30 a day (2021 PPP) (%),SI.POV.UMIC.GP,..,..,..,..,..
Vanuatu,VUT,Poverty headcount ratio at $8.30 a day (2021 PPP) (% of population),SI.POV.UMIC,..,..,..,..,..
"Venezuela, RB",VEN,Poverty gap at $8.30 a day (2021 PPP) (%),SI.POV.UMIC.GP,..,..,..,..,..
"Venezuela, RB",VEN,Poverty headcount ratio at $8.30 a day (2021 PPP) (% of population),SI.POV.UMIC,..,..,..,..,..
Viet Nam,VNM,Poverty gap at $8.30 a day (2021 PPP) (%),SI.POV.UMIC.GP,6,..,6.5,..,..
Viet Nam,VNM,Poverty headcount ratio at $8.30 a day (2021 PPP) (% of population),SI.POV.UMIC,20.4,..,21.5,..,..
Virgin Islands (U.S.),VIR,Poverty gap at $8.30 a day (2021 PPP) (%),SI.POV.UMIC.GP,..,..,..,..,..
Virgin Islands (U.S.),VIR,Poverty headcount ratio at $8.30 a day (2021 PPP) (% of population),SI.POV.UMIC,..,..,..,..,..
West Bank and Gaza,PSE,Poverty gap at $8.30 a day (2021 PPP) (%),SI.POV.UMIC.GP,..,..,..,8.9,..
West Bank and Gaza,PSE,Poverty headcount ratio at $8.30 a day (2021 PPP) (% of population),SI.POV.UMIC,..,..,..,28.6,..
World,WLD,Poverty gap at $8.30 a day (2021 PPP) (%),SI.POV.UMIC.GP,22.5,21.7,21.1,20.5,..
World,WLD,Poverty headcount ratio at $8.30 a day (2021 PPP) (% of population),SI.POV.UMIC,50.4,48.6,48,47,..
"Yemen, Rep.",YEM,Poverty gap at $8.30 a day (2021 PPP) (%),SI.POV.UMIC.GP,..,..,..,..,..
"Yemen, Rep.",YEM,Poverty headcount ratio at $8.30 a day (2021 PPP) (% of population),SI.POV.UMIC,..,..,..,..,..
Zambia,ZMB,Poverty gap at $8.30 a day (2021 PPP) (%),SI.POV.UMIC.GP,..,..,69.6,..,..
Zambia,ZMB,Poverty headcount ratio at $8.30 a day (2021 PPP) (% of population),SI.POV.UMIC,..,..,94,..,..
Zimbabwe,ZWE,Poverty gap at $8.30 a day (2021 PPP) (%),SI.POV.UMIC.GP,..,..,..,..,..
Zimbabwe,ZWE,Poverty headcount ratio at $8.30 a day (2021 PPP) (% of population),SI.POV.UMIC,..,..,..,..,..
,,,,,,,,
,,,,,,,,
,,,,,,,,
Data from database: World Development Indicators,,,,,,,,
Last Updated: 07/01/2025,,,,,,,,
